"","0","numtombo","1","familia","2","genero","3","sp","4","autorsp","5","taxoncompleto","6","pais","7","estado_prov","8","cidade","9","10","latitude","11","longitude","12","numcoleta","13","diacoleta","14","mescoleta","15","anocoleta"
"1",360308,360308,LEGUMINOSAE,LEGUMINOSAE,Caesalpinia,Caesalpinia,echinata,echinata,Lam.,Lam.,Caesalpinia echinata Lam.,Caesalpinia echinata Lam.,Brasil,Brasil,Rio Grande do Norte,Rio Grande do Norte,Natal,Natal,Brasil,-5.81667,-5.81667,-35.20000,-35.20000,960157,960157,8,8,11,11,1996,1996
"2",5634,5634,LEGUMINOSAE,LEGUMINOSAE,Caesalpinia,Caesalpinia,echinata,echinata,Lam.,Lam.,Caesalpinia echinata Lam.,Caesalpinia echinata Lam.,Brasil,Brasil,Rio de Janeiro,Rio de Janeiro,NULL,NULL,Brasil,-22.80472,-22.80472,-41.96250,-41.96250,NULL,NULL,NULL,NULL,NULL,NULL,NULL,NULL
"3",612256,612256,LEGUMINOSAE,LEGUMINOSAE,Caesalpinia,Caesalpinia,echinata,echinata,Lam.,Lam.,Caesalpinia echinata Lam.,Caesalpinia echinata Lam.,Brasil,Brasil,Rio de Janeiro,Rio de Janeiro,NULL,NULL,Brasil,-22.80639,-22.80639,-41.96056,-41.96056,7923,7923,5,5,11,11,2014,2014
"4",612186,612186,LEGUMINOSAE,LEGUMINOSAE,Caesalpinia,Caesalpinia,echinata,echinata,Lam.,Lam.,Caesalpinia echinata Lam.,Caesalpinia echinata Lam.,Brasil,Brasil,Bahia,Bahia,NULL,NULL,Brasil,-15.06194,-15.06194,-40.67806,-40.67806,7894,7894,1,1,11,11,2014,2014
"5",470046,470046,LEGUMINOSAE,LEGUMINOSAE,Caesalpinia,Caesalpinia,echinata,echinata,Lam.,Lam.,Caesalpinia echinata Lam.,Caesalpinia echinata Lam.,Brasil,Brasil,Alagoas,Alagoas,Coruripe,Coruripe,Brasil,-10.02667,-10.02667,-36.29861,-36.29861,6962,6962,29,29,7,7,2008,2008
"6",3068,3068,LEGUMINOSAE,LEGUMINOSAE,Caesalpinia,Caesalpinia,echinata,echinata,Lam.,Lam.,Caesalpinia echinata Lam.,Caesalpinia echinata Lam.,Brasil,Brasil,Alagoas,Alagoas,Coruripe,Coruripe,Brasil,-10.32806,-10.32806,-36.49389,-36.49389,6951,6951,28,28,7,7,2008,2008
"7",5642,5642,LEGUMINOSAE,LEGUMINOSAE,Caesalpinia,Caesalpinia,echinata,echinata,Lam.,Lam.,Caesalpinia echinata Lam.,Caesalpinia echinata Lam.,Brasil,Brasil,Bahia,Bahia,NULL,NULL,Brasil,-14.21278,-14.21278,-39.55333,-39.55333,NULL,NULL,NULL,NULL,NULL,NULL,NULL,NULL
"8",464329,464329,LEGUMINOSAE,LEGUMINOSAE,Caesalpinia,Caesalpinia,echinata,echinata,Lam.,Lam.,Caesalpinia echinata Lam.,Caesalpinia echinata Lam.,Brasil,Brasil,NULL,NULL,Aracruz,Aracruz,Brasil,-19.67528,-19.67528,-40.15111,-40.15111,6878,6878,2,2,4,4,2008,2008
"9",5647,5647,LEGUMINOSAE,LEGUMINOSAE,Caesalpinia,Caesalpinia,echinata,echinata,Lam.,Lam.,Caesalpinia echinata Lam.,Caesalpinia echinata Lam.,Brasil,Brasil,Bahia,Bahia,NULL,NULL,Brasil,-14.26056,-14.26056,-39.42222,-39.42222,NULL,NULL,NULL,NULL,NULL,NULL,NULL,NULL
"10",5712,5712,LEGUMINOSAE,LEGUMINOSAE,Caesalpinia,Caesalpinia,echinata,echinata,Lam.,Lam.,Caesalpinia echinata Lam.,Caesalpinia echinata Lam.,Brasil,Brasil,NULL,NULL,NULL,NULL,Brasil,-19.67778,-19.67778,-40.15444,-40.15444,NULL,NULL,11,11,8,8,2012,2012
"11",5620,5620,LEGUMINOSAE,LEGUMINOSAE,Caesalpinia,Caesalpinia,echinata,echinata,Lam.,Lam.,Caesalpinia echinata Lam.,Caesalpinia echinata Lam.,Brasil,Brasil,Rio de Janeiro,Rio de Janeiro,NULL,NULL,Brasil,-22.88278,-22.88278,-42.00000,-42.00000,NULL,NULL,NULL,NULL,NULL,NULL,NULL,NULL
"12",5695,5695,LEGUMINOSAE,LEGUMINOSAE,Caesalpinia,Caesalpinia,echinata,echinata,Lam.,Lam.,Caesalpinia echinata Lam.,Caesalpinia echinata Lam.,Brasil,Brasil,NULL,NULL,NULL,NULL,Brasil,-19.67833,-19.67833,-40.15250,-40.15250,NULL,NULL,11,11,8,8,2012,2012
"13",5655,5655,LEGUMINOSAE,LEGUMINOSAE,Caesalpinia,Caesalpinia,echinata,echinata,Lam.,Lam.,Caesalpinia echinata Lam.,Caesalpinia echinata Lam.,Brasil,Brasil,Bahia,Bahia,NULL,NULL,Brasil,-14.25639,-14.25639,-39.42722,-39.42722,NULL,NULL,NULL,NULL,NULL,NULL,NULL,NULL
"14",5628,5628,LEGUMINOSAE,LEGUMINOSAE,Caesalpinia,Caesalpinia,echinata,echinata,Lam.,Lam.,Caesalpinia echinata Lam.,Caesalpinia echinata Lam.,Brasil,Brasil,Rio de Janeiro,Rio de Janeiro,NULL,NULL,Brasil,-22.80306,-22.80306,-41.98444,-41.98444,NULL,NULL,NULL,NULL,NULL,NULL,NULL,NULL
"15",557427,557427,LEGUMINOSAE,LEGUMINOSAE,Caesalpinia,Caesalpinia,echinata,echinata,Lam.,Lam.,Caesalpinia echinata Lam.,Caesalpinia echinata Lam.,Brasil,Brasil,Bahia,Bahia,NULL,NULL,Brasil,-14.21389,-14.21389,-39.55222,-39.55222,7595,7595,13,13,10,10,2012,2012
"16",557428,557428,LEGUMINOSAE,LEGUMINOSAE,Caesalpinia,Caesalpinia,echinata,echinata,Lam.,Lam.,Caesalpinia echinata Lam.,Caesalpinia echinata Lam.,Brasil,Brasil,Bahia,Bahia,NULL,NULL,Brasil,-14.21333,-14.21333,-39.55250,-39.55250,7596,7596,13,13,10,10,2012,2012
"17",5717,5717,LEGUMINOSAE,LEGUMINOSAE,Caesalpinia,Caesalpinia,echinata,echinata,Lam.,Lam.,Caesalpinia echinata Lam.,Caesalpinia echinata Lam.,Brasil,Brasil,NULL,NULL,NULL,NULL,Brasil,-19.05694,-19.05694,-40.14722,-40.14722,7538,7538,11,11,8,8,2012,2012
"18",5702,5702,LEGUMINOSAE,LEGUMINOSAE,Caesalpinia,Caesalpinia,echinata,echinata,Lam.,Lam.,Caesalpinia echinata Lam.,Caesalpinia echinata Lam.,Brasil,Brasil,NULL,NULL,NULL,NULL,Brasil,-19.67639,-19.67639,-40.15278,-40.15278,NULL,NULL,11,11,8,8,2012,2012
"19",612185,612185,LEGUMINOSAE,LEGUMINOSAE,Caesalpinia,Caesalpinia,echinata,echinata,Lam.,Lam.,Caesalpinia echinata Lam.,Caesalpinia echinata Lam.,Brasil,Brasil,Bahia,Bahia,NULL,NULL,Brasil,-15.06056,-15.06056,-40.68000,-40.68000,7893,7893,1,1,11,11,2014,2014
"20",612206,612206,LEGUMINOSAE,LEGUMINOSAE,Caesalpinia,Caesalpinia,echinata,echinata,Lam.,Lam.,Caesalpinia echinata Lam.,Caesalpinia echinata Lam.,Brasil,Brasil,Bahia,Bahia,NULL,NULL,Brasil,-15.73889,-15.73889,-39.58444,-39.58444,7910,7910,2,2,11,11,2014,2014
"21",5707,5707,LEGUMINOSAE,LEGUMINOSAE,Caesalpinia,Caesalpinia,echinata,echinata,Lam.,Lam.,Caesalpinia echinata Lam.,Caesalpinia echinata Lam.,Brasil,Brasil,NULL,NULL,NULL,NULL,Brasil,-19.67778,-19.67778,-40.15361,-40.15361,NULL,NULL,11,11,8,8,2012,2012
"22",5652,5652,LEGUMINOSAE,LEGUMINOSAE,Caesalpinia,Caesalpinia,echinata,echinata,Lam.,Lam.,Caesalpinia echinata Lam.,Caesalpinia echinata Lam.,Brasil,Brasil,Bahia,Bahia,NULL,NULL,Brasil,-14.25944,-14.25944,-39.42583,-39.42583,NULL,NULL,NULL,NULL,NULL,NULL,NULL,NULL
"23",5607,5607,LEGUMINOSAE,LEGUMINOSAE,Caesalpinia,Caesalpinia,echinata,echinata,Lam.,Lam.,Caesalpinia echinata Lam.,Caesalpinia echinata Lam.,Brasil,Brasil,Rio de Janeiro,Rio de Janeiro,NULL,NULL,Brasil,-114.40250,-114.40250,-42.46139,-42.46139,225,225,NULL,NULL,NULL,NULL,NULL,NULL
"24",548150,548150,LEGUMINOSAE,LEGUMINOSAE,Caesalpinia,Caesalpinia,echinata,echinata,Lam.,Lam.,Caesalpinia echinata Lam.,Caesalpinia echinata Lam.,Brasil,Brasil,NULL,NULL,Sooretama,Sooretama,Brasil,-19.05694,-19.05694,-40.14722,-40.14722,7538,7538,9,9,8,8,2012,2012
"25",5629,5629,LEGUMINOSAE,LEGUMINOSAE,Caesalpinia,Caesalpinia,echinata,echinata,Lam.,Lam.,Caesalpinia echinata Lam.,Caesalpinia echinata Lam.,Brasil,Brasil,Rio de Janeiro,Rio de Janeiro,NULL,NULL,Brasil,-22.80167,-22.80167,-41.98583,-41.98583,NULL,NULL,NULL,NULL,NULL,NULL,NULL,NULL
"26",5638,5638,LEGUMINOSAE,LEGUMINOSAE,Caesalpinia,Caesalpinia,echinata,echinata,Lam.,Lam.,Caesalpinia echinata Lam.,Caesalpinia echinata Lam.,Brasil,Brasil,Bahia,Bahia,NULL,NULL,Brasil,-14.21389,-14.21389,-39.55222,-39.55222,NULL,NULL,NULL,NULL,NULL,NULL,NULL,NULL
"27",5708,5708,LEGUMINOSAE,LEGUMINOSAE,Caesalpinia,Caesalpinia,echinata,echinata,Lam.,Lam.,Caesalpinia echinata Lam.,Caesalpinia echinata Lam.,Brasil,Brasil,NULL,NULL,NULL,NULL,Brasil,-19.67778,-19.67778,-40.15361,-40.15361,NULL,NULL,11,11,8,8,2012,2012
"28",607728,607728,LEGUMINOSAE,LEGUMINOSAE,Caesalpinia,Caesalpinia,echinata,echinata,Lam.,Lam.,Caesalpinia echinata Lam.,Caesalpinia echinata Lam.,Brasil,Brasil,Rio de Janeiro,Rio de Janeiro,NULL,NULL,Brasil,-22.96389,-22.96389,-43.16139,-43.16139,7832,7832,2,2,8,8,2014,2014
"29",5643,5643,LEGUMINOSAE,LEGUMINOSAE,Caesalpinia,Caesalpinia,echinata,echinata,Lam.,Lam.,Caesalpinia echinata Lam.,Caesalpinia echinata Lam.,Brasil,Brasil,Bahia,Bahia,NULL,NULL,Brasil,-14.21250,-14.21250,-39.55333,-39.55333,NULL,NULL,NULL,NULL,NULL,NULL,NULL,NULL
"30",5715,5715,LEGUMINOSAE,LEGUMINOSAE,Caesalpinia,Caesalpinia,echinata,echinata,Lam.,Lam.,Caesalpinia echinata Lam.,Caesalpinia echinata Lam.,Brasil,Brasil,NULL,NULL,NULL,NULL,Brasil,-19.67778,-19.67778,-40.15444,-40.15444,NULL,NULL,11,11,8,8,2012,2012
"31",5664,5664,LEGUMINOSAE,LEGUMINOSAE,Caesalpinia,Caesalpinia,echinata,echinata,Lam.,Lam.,Caesalpinia echinata Lam.,Caesalpinia echinata Lam.,Brasil,Brasil,NULL,NULL,NULL,NULL,Brasil,-16.58194,-16.58194,39.92528,39.92528,NULL,NULL,NULL,NULL,NULL,NULL,NULL,NULL
"32",5645,5645,LEGUMINOSAE,LEGUMINOSAE,Caesalpinia,Caesalpinia,echinata,echinata,Lam.,Lam.,Caesalpinia echinata Lam.,Caesalpinia echinata Lam.,Brasil,Brasil,Bahia,Bahia,NULL,NULL,Brasil,-14.21222,-14.21222,-39.55306,-39.55306,NULL,NULL,NULL,NULL,NULL,NULL,NULL,NULL
"33",5621,5621,LEGUMINOSAE,LEGUMINOSAE,Caesalpinia,Caesalpinia,echinata,echinata,Lam.,Lam.,Caesalpinia echinata Lam.,Caesalpinia echinata Lam.,Brasil,Brasil,Rio de Janeiro,Rio de Janeiro,NULL,NULL,Brasil,-22.88278,-22.88278,-42.00000,-42.00000,NULL,NULL,NULL,NULL,NULL,NULL,NULL,NULL
"34",470044,470044,LEGUMINOSAE,LEGUMINOSAE,Caesalpinia,Caesalpinia,echinata,echinata,Lam.,Lam.,Caesalpinia echinata Lam.,Caesalpinia echinata Lam.,Brasil,Brasil,Alagoas,Alagoas,Coruripe,Coruripe,Brasil,-10.02667,-10.02667,-36.29861,-36.29861,6960,6960,29,29,7,7,2008,2008
"35",5604,5604,LEGUMINOSAE,LEGUMINOSAE,Caesalpinia,Caesalpinia,echinata,echinata,Lam.,Lam.,Caesalpinia echinata Lam.,Caesalpinia echinata Lam.,Brasil,Brasil,Rio de Janeiro,Rio de Janeiro,NULL,NULL,Brasil,-23.11444,-23.11444,-43.02056,-43.02056,NULL,NULL,NULL,NULL,NULL,NULL,NULL,NULL
"36",5622,5622,LEGUMINOSAE,LEGUMINOSAE,Caesalpinia,Caesalpinia,echinata,echinata,Lam.,Lam.,Caesalpinia echinata Lam.,Caesalpinia echinata Lam.,Brasil,Brasil,Rio de Janeiro,Rio de Janeiro,NULL,NULL,Brasil,-22.88278,-22.88278,-42.00000,-42.00000,NULL,NULL,NULL,NULL,NULL,NULL,NULL,NULL
"37",612257,612257,LEGUMINOSAE,LEGUMINOSAE,Caesalpinia,Caesalpinia,echinata,echinata,Lam.,Lam.,Caesalpinia echinata Lam.,Caesalpinia echinata Lam.,Brasil,Brasil,Rio de Janeiro,Rio de Janeiro,Cabo Frio,Cabo Frio,Brasil,-22.80472,-22.80472,-41.98278,-41.98278,7924,7924,5,5,11,11,2014,2014
"38",5703,5703,LEGUMINOSAE,LEGUMINOSAE,Caesalpinia,Caesalpinia,echinata,echinata,Lam.,Lam.,Caesalpinia echinata Lam.,Caesalpinia echinata Lam.,Brasil,Brasil,NULL,NULL,NULL,NULL,Brasil,-19.67778,-19.67778,-40.15278,-40.15278,NULL,NULL,11,11,8,8,2012,2012
"39",5651,5651,LEGUMINOSAE,LEGUMINOSAE,Caesalpinia,Caesalpinia,echinata,echinata,Lam.,Lam.,Caesalpinia echinata Lam.,Caesalpinia echinata Lam.,Brasil,Brasil,Bahia,Bahia,NULL,NULL,Brasil,-14.26056,-14.26056,-39.42611,-39.42611,NULL,NULL,NULL,NULL,NULL,NULL,NULL,NULL
"40",5632,5632,LEGUMINOSAE,LEGUMINOSAE,Caesalpinia,Caesalpinia,echinata,echinata,Lam.,Lam.,Caesalpinia echinata Lam.,Caesalpinia echinata Lam.,Brasil,Brasil,Rio de Janeiro,Rio de Janeiro,NULL,NULL,Brasil,-22.80500,-22.80500,-41.96194,-41.96194,NULL,NULL,NULL,NULL,NULL,NULL,NULL,NULL
"41",5601,5601,LEGUMINOSAE,LEGUMINOSAE,Caesalpinia,Caesalpinia,echinata,echinata,Lam.,Lam.,Caesalpinia echinata Lam.,Caesalpinia echinata Lam.,Brasil,Brasil,Rio de Janeiro,Rio de Janeiro,NULL,NULL,Brasil,-23.10139,-23.10139,-43.02500,-43.02500,NULL,NULL,NULL,NULL,NULL,NULL,NULL,NULL
"42",466347,466347,LEGUMINOSAE,LEGUMINOSAE,Caesalpinia,Caesalpinia,echinata,echinata,Lam.,Lam.,Caesalpinia echinata Lam.,Caesalpinia echinata Lam.,Brasil,Brasil,Bahia,Bahia,Itamaraju,Itamaraju,Brasil,-16.96833,-16.96833,-39.57944,-39.57944,6884,6884,29,29,5,5,2008,2008
"43",612214,612214,LEGUMINOSAE,LEGUMINOSAE,Caesalpinia,Caesalpinia,echinata,echinata,Lam.,Lam.,Caesalpinia echinata Lam.,Caesalpinia echinata Lam.,Brasil,Brasil,NULL,NULL,Aracruz,Aracruz,Brasil,-19.67667,-19.67667,-40.15000,-40.15000,7918,7918,4,4,11,11,2014,2014
"44",5626,5626,LEGUMINOSAE,LEGUMINOSAE,Caesalpinia,Caesalpinia,echinata,echinata,Lam.,Lam.,Caesalpinia echinata Lam.,Caesalpinia echinata Lam.,Brasil,Brasil,Rio de Janeiro,Rio de Janeiro,NULL,NULL,Brasil,-22.80500,-22.80500,-41.98278,-41.98278,NULL,NULL,NULL,NULL,NULL,NULL,NULL,NULL
"45",5713,5713,LEGUMINOSAE,LEGUMINOSAE,Caesalpinia,Caesalpinia,echinata,echinata,Lam.,Lam.,Caesalpinia echinata Lam.,Caesalpinia echinata Lam.,Brasil,Brasil,NULL,NULL,NULL,NULL,Brasil,-19.67778,-19.67778,-40.15444,-40.15444,NULL,NULL,11,11,8,8,2012,2012
"46",470045,470045,LEGUMINOSAE,LEGUMINOSAE,Caesalpinia,Caesalpinia,echinata,echinata,Lam.,Lam.,Caesalpinia echinata Lam.,Caesalpinia echinata Lam.,Brasil,Brasil,Alagoas,Alagoas,Coruripe,Coruripe,Brasil,-10.02667,-10.02667,-36.29861,-36.29861,6961,6961,29,29,7,7,2008,2008
"47",557429,557429,LEGUMINOSAE,LEGUMINOSAE,Caesalpinia,Caesalpinia,echinata,echinata,Lam.,Lam.,Caesalpinia echinata Lam.,Caesalpinia echinata Lam.,Brasil,Brasil,Bahia,Bahia,NULL,NULL,Brasil,-14.21250,-14.21250,-39.55333,-39.55333,7597,7597,13,13,10,10,2012,2012
"48",5605,5605,LEGUMINOSAE,LEGUMINOSAE,Caesalpinia,Caesalpinia,echinata,echinata,Lam.,Lam.,Caesalpinia echinata Lam.,Caesalpinia echinata Lam.,Brasil,Brasil,Rio de Janeiro,Rio de Janeiro,NULL,NULL,Brasil,-114.38944,-114.38944,-42.46111,-42.46111,223,223,NULL,NULL,NULL,NULL,NULL,NULL
"49",5606,5606,LEGUMINOSAE,LEGUMINOSAE,Caesalpinia,Caesalpinia,echinata,echinata,Lam.,Lam.,Caesalpinia echinata Lam.,Caesalpinia echinata Lam.,Brasil,Brasil,Rio de Janeiro,Rio de Janeiro,NULL,NULL,Brasil,-114.40250,-114.40250,-42.46139,-42.46139,NULL,NULL,NULL,NULL,NULL,NULL,NULL,NULL
"50",546891,546891,LEGUMINOSAE,LEGUMINOSAE,Caesalpinia,Caesalpinia,echinata,echinata,Lam.,Lam.,Caesalpinia echinata Lam.,Caesalpinia echinata Lam.,Brasil,Brasil,Rio de Janeiro,Rio de Janeiro,Saquarema,Saquarema,Brasil,-22.92861,-22.92861,-42.46111,-42.46111,223,223,15,15,5,5,2012,2012
"51",5704,5704,LEGUMINOSAE,LEGUMINOSAE,Caesalpinia,Caesalpinia,echinata,echinata,Lam.,Lam.,Caesalpinia echinata Lam.,Caesalpinia echinata Lam.,Brasil,Brasil,NULL,NULL,NULL,NULL,Brasil,-19.67778,-19.67778,-40.15278,-40.15278,NULL,NULL,11,11,8,8,2012,2012
"52",5608,5608,LEGUMINOSAE,LEGUMINOSAE,Caesalpinia,Caesalpinia,echinata,echinata,Lam.,Lam.,Caesalpinia echinata Lam.,Caesalpinia echinata Lam.,Brasil,Brasil,Rio de Janeiro,Rio de Janeiro,NULL,NULL,Brasil,-22.92611,-22.92611,-42.45778,-42.45778,NULL,NULL,NULL,NULL,NULL,NULL,NULL,NULL
"53",5609,5609,LEGUMINOSAE,LEGUMINOSAE,Caesalpinia,Caesalpinia,echinata,echinata,Lam.,Lam.,Caesalpinia echinata Lam.,Caesalpinia echinata Lam.,Brasil,Brasil,Rio de Janeiro,Rio de Janeiro,NULL,NULL,Brasil,-22.86833,-22.86833,-42.45778,-42.45778,NULL,NULL,NULL,NULL,NULL,NULL,NULL,NULL
"54",470025,470025,LEGUMINOSAE,LEGUMINOSAE,Caesalpinia,Caesalpinia,echinata,echinata,Lam.,Lam.,Caesalpinia echinata Lam.,Caesalpinia echinata Lam.,Brasil,Brasil,Alagoas,Alagoas,Coruripe,Coruripe,Brasil,-10.32806,-10.32806,-36.49389,-36.49389,6951,6951,28,28,7,7,2008,2008
"55",5693,5693,LEGUMINOSAE,LEGUMINOSAE,Caesalpinia,Caesalpinia,echinata,echinata,Lam.,Lam.,Caesalpinia echinata Lam.,Caesalpinia echinata Lam.,Brasil,Brasil,NULL,NULL,NULL,NULL,Brasil,-19.67944,-19.67944,-40.15222,-40.15222,NULL,NULL,11,11,8,8,2012,2012
"56",483782,483782,LEGUMINOSAE,LEGUMINOSAE,Caesalpinia,Caesalpinia,echinata,echinata,Lam.,Lam.,Caesalpinia echinata Lam.,Caesalpinia echinata Lam.,Brasil,Brasil,Bahia,Bahia,NULL,NULL,Brasil,-15.56500,-15.56500,-39.65917,-39.65917,134,134,26,26,2,2,2005,2005
"57",557437,557437,LEGUMINOSAE,LEGUMINOSAE,Caesalpinia,Caesalpinia,echinata,echinata,Lam.,Lam.,Caesalpinia echinata Lam.,Caesalpinia echinata Lam.,Brasil,Brasil,Bahia,Bahia,Pau Brasil,Pau Brasil,Brasil,-15.56417,-15.56417,-39.62917,-39.62917,7605,7605,16,16,10,10,2012,2012
"58",5627,5627,LEGUMINOSAE,LEGUMINOSAE,Caesalpinia,Caesalpinia,echinata,echinata,Lam.,Lam.,Caesalpinia echinata Lam.,Caesalpinia echinata Lam.,Brasil,Brasil,Rio de Janeiro,Rio de Janeiro,NULL,NULL,Brasil,-22.80278,-22.80278,-41.98472,-41.98472,NULL,NULL,NULL,NULL,NULL,NULL,NULL,NULL
"59",5716,5716,LEGUMINOSAE,LEGUMINOSAE,Caesalpinia,Caesalpinia,echinata,echinata,Lam.,Lam.,Caesalpinia echinata Lam.,Caesalpinia echinata Lam.,Brasil,Brasil,NULL,NULL,NULL,NULL,Brasil,-19.67778,-19.67778,-40.15444,-40.15444,NULL,NULL,11,11,8,8,2012,2012
"60",5636,5636,LEGUMINOSAE,LEGUMINOSAE,Caesalpinia,Caesalpinia,echinata,echinata,Lam.,Lam.,Caesalpinia echinata Lam.,Caesalpinia echinata Lam.,Brasil,Brasil,Bahia,Bahia,NULL,NULL,Brasil,-14.21389,-14.21389,-39.55194,-39.55194,NULL,NULL,NULL,NULL,NULL,NULL,NULL,NULL
"61",3067,3067,LEGUMINOSAE,LEGUMINOSAE,Caesalpinia,Caesalpinia,echinata,echinata,Lam.,Lam.,Caesalpinia echinata Lam.,Caesalpinia echinata Lam.,Brasil,Brasil,Alagoas,Alagoas,Coruripe,Coruripe,Brasil,-10.04778,-10.04778,-36.27361,-36.27361,6946,6946,28,28,7,7,2008,2008
"62",5623,5623,LEGUMINOSAE,LEGUMINOSAE,Caesalpinia,Caesalpinia,echinata,echinata,Lam.,Lam.,Caesalpinia echinata Lam.,Caesalpinia echinata Lam.,Brasil,Brasil,Rio de Janeiro,Rio de Janeiro,NULL,NULL,Brasil,-22.88278,-22.88278,-42.00000,-42.00000,NULL,NULL,NULL,NULL,NULL,NULL,NULL,NULL
"63",488202,488202,LEGUMINOSAE,LEGUMINOSAE,Caesalpinia,Caesalpinia,echinata,echinata,Lam.,Lam.,Caesalpinia echinata Lam.,Caesalpinia echinata Lam.,Brasil,Brasil,Bahia,Bahia,NULL,NULL,Brasil,-12.57361,-12.57361,-38.01611,-38.01611,633,633,21,21,11,11,2009,2009
"64",5711,5711,LEGUMINOSAE,LEGUMINOSAE,Caesalpinia,Caesalpinia,echinata,echinata,Lam.,Lam.,Caesalpinia echinata Lam.,Caesalpinia echinata Lam.,Brasil,Brasil,NULL,NULL,NULL,NULL,Brasil,-19.67778,-19.67778,-40.15417,-40.15417,NULL,NULL,11,11,8,8,2012,2012
"65",5709,5709,LEGUMINOSAE,LEGUMINOSAE,Caesalpinia,Caesalpinia,echinata,echinata,Lam.,Lam.,Caesalpinia echinata Lam.,Caesalpinia echinata Lam.,Brasil,Brasil,NULL,NULL,NULL,NULL,Brasil,-19.67778,-19.67778,-40.15417,-40.15417,NULL,NULL,11,11,8,8,2012,2012
"66",612191,612191,LEGUMINOSAE,LEGUMINOSAE,Caesalpinia,Caesalpinia,echinata,echinata,Lam.,Lam.,Caesalpinia echinata Lam.,Caesalpinia echinata Lam.,Brasil,Brasil,Bahia,Bahia,NULL,NULL,Brasil,-15.06056,-15.06056,-40.68000,-40.68000,7896,7896,1,1,11,11,2014,2014
"67",5640,5640,LEGUMINOSAE,LEGUMINOSAE,Caesalpinia,Caesalpinia,echinata,echinata,Lam.,Lam.,Caesalpinia echinata Lam.,Caesalpinia echinata Lam.,Brasil,Brasil,Bahia,Bahia,NULL,NULL,Brasil,-14.21361,-14.21361,-39.55250,-39.55250,NULL,NULL,NULL,NULL,NULL,NULL,NULL,NULL
"68",5696,5696,LEGUMINOSAE,LEGUMINOSAE,Caesalpinia,Caesalpinia,echinata,echinata,Lam.,Lam.,Caesalpinia echinata Lam.,Caesalpinia echinata Lam.,Brasil,Brasil,NULL,NULL,NULL,NULL,Brasil,-19.67778,-19.67778,-40.15278,-40.15278,NULL,NULL,11,11,8,8,2012,2012
"69",483783,483783,LEGUMINOSAE,LEGUMINOSAE,Caesalpinia,Caesalpinia,echinata,echinata,Lam.,Lam.,Caesalpinia echinata Lam.,Caesalpinia echinata Lam.,Brasil,Brasil,Bahia,Bahia,Pau Brasil,Pau Brasil,Brasil,-15.57222,-15.57222,-39.65250,-39.65250,133,133,26,26,2,2,2005,2005
"70",5710,5710,LEGUMINOSAE,LEGUMINOSAE,Caesalpinia,Caesalpinia,echinata,echinata,Lam.,Lam.,Caesalpinia echinata Lam.,Caesalpinia echinata Lam.,Brasil,Brasil,NULL,NULL,NULL,NULL,Brasil,-19.67778,-19.67778,-40.15417,-40.15417,NULL,NULL,11,11,8,8,2012,2012
"71",5714,5714,LEGUMINOSAE,LEGUMINOSAE,Caesalpinia,Caesalpinia,echinata,echinata,Lam.,Lam.,Caesalpinia echinata Lam.,Caesalpinia echinata Lam.,Brasil,Brasil,NULL,NULL,NULL,NULL,Brasil,-19.67778,-19.67778,-40.15444,-40.15444,NULL,NULL,11,11,8,8,2012,2012
"72",5630,5630,LEGUMINOSAE,LEGUMINOSAE,Caesalpinia,Caesalpinia,echinata,echinata,Lam.,Lam.,Caesalpinia echinata Lam.,Caesalpinia echinata Lam.,Brasil,Brasil,Rio de Janeiro,Rio de Janeiro,NULL,NULL,Brasil,-22.79861,-22.79861,-41.98583,-41.98583,NULL,NULL,NULL,NULL,NULL,NULL,NULL,NULL
"73",636370,636370,LEGUMINOSAE,LEGUMINOSAE,Caesalpinia,Caesalpinia,echinata,echinata,Lam.,Lam.,Caesalpinia echinata Lam.,Caesalpinia echinata Lam.,Brasil,Brasil,Rio de Janeiro,Rio de Janeiro,NULL,NULL,Brasil,-22.94028,-22.94028,-43.11556,-43.11556,8112,8112,9,9,10,10,2015,2015
"74",5633,5633,LEGUMINOSAE,LEGUMINOSAE,Caesalpinia,Caesalpinia,echinata,echinata,Lam.,Lam.,Caesalpinia echinata Lam.,Caesalpinia echinata Lam.,Brasil,Brasil,Rio de Janeiro,Rio de Janeiro,NULL,NULL,Brasil,-22.80472,-22.80472,-41.96222,-41.96222,NULL,NULL,NULL,NULL,NULL,NULL,NULL,NULL
"75",612201,612201,LEGUMINOSAE,LEGUMINOSAE,Caesalpinia,Caesalpinia,echinata,echinata,Lam.,Lam.,Caesalpinia echinata Lam.,Caesalpinia echinata Lam.,Brasil,Brasil,Bahia,Bahia,NULL,NULL,Brasil,-15.73889,-15.73889,-39.58444,-39.58444,7905,7905,2,2,11,11,2014,2014
"76",612193,612193,LEGUMINOSAE,LEGUMINOSAE,Caesalpinia,Caesalpinia,echinata,echinata,Lam.,Lam.,Caesalpinia echinata Lam.,Caesalpinia echinata Lam.,Brasil,Brasil,Bahia,Bahia,NULL,NULL,Brasil,-15.06056,-15.06056,-40.68000,-40.68000,7898,7898,1,1,11,11,2014,2014
"77",5637,5637,LEGUMINOSAE,LEGUMINOSAE,Caesalpinia,Caesalpinia,echinata,echinata,Lam.,Lam.,Caesalpinia echinata Lam.,Caesalpinia echinata Lam.,Brasil,Brasil,Bahia,Bahia,NULL,NULL,Brasil,-14.21389,-14.21389,-39.55222,-39.55222,NULL,NULL,NULL,NULL,NULL,NULL,NULL,NULL
"78",464330,464330,LEGUMINOSAE,LEGUMINOSAE,Caesalpinia,Caesalpinia,echinata,echinata,Lam.,Lam.,Caesalpinia echinata Lam.,Caesalpinia echinata Lam.,Brasil,Brasil,NULL,NULL,Aracruz,Aracruz,Brasil,-19.67528,-19.67528,-40.15111,-40.15111,6879,6879,2,2,NULL,NULL,2008,2008
"79",5602,5602,LEGUMINOSAE,LEGUMINOSAE,Caesalpinia,Caesalpinia,echinata,echinata,Lam.,Lam.,Caesalpinia echinata Lam.,Caesalpinia echinata Lam.,Brasil,Brasil,Rio de Janeiro,Rio de Janeiro,NULL,NULL,Brasil,-23.12167,-23.12167,-43.02500,-43.02500,NULL,NULL,NULL,NULL,NULL,NULL,NULL,NULL
"80",5701,5701,LEGUMINOSAE,LEGUMINOSAE,Caesalpinia,Caesalpinia,echinata,echinata,Lam.,Lam.,Caesalpinia echinata Lam.,Caesalpinia echinata Lam.,Brasil,Brasil,NULL,NULL,NULL,NULL,Brasil,-19.67778,-19.67778,-40.15278,-40.15278,NULL,NULL,11,11,8,8,2012,2012
"81",5631,5631,LEGUMINOSAE,LEGUMINOSAE,Caesalpinia,Caesalpinia,echinata,echinata,Lam.,Lam.,Caesalpinia echinata Lam.,Caesalpinia echinata Lam.,Brasil,Brasil,Rio de Janeiro,Rio de Janeiro,NULL,NULL,Brasil,-22.80278,-22.80278,-41.96472,-41.96472,NULL,NULL,NULL,NULL,NULL,NULL,NULL,NULL
"82",5603,5603,LEGUMINOSAE,LEGUMINOSAE,Caesalpinia,Caesalpinia,echinata,echinata,Lam.,Lam.,Caesalpinia echinata Lam.,Caesalpinia echinata Lam.,Brasil,Brasil,Rio de Janeiro,Rio de Janeiro,NULL,NULL,Brasil,-23.11500,-23.11500,-43.01944,-43.01944,NULL,NULL,NULL,NULL,NULL,NULL,NULL,NULL
"83",5639,5639,LEGUMINOSAE,LEGUMINOSAE,Caesalpinia,Caesalpinia,echinata,echinata,Lam.,Lam.,Caesalpinia echinata Lam.,Caesalpinia echinata Lam.,Brasil,Brasil,Bahia,Bahia,NULL,NULL,Brasil,-14.21389,-14.21389,-39.55222,-39.55222,NULL,NULL,NULL,NULL,NULL,NULL,NULL,NULL
"84",5700,5700,LEGUMINOSAE,LEGUMINOSAE,Caesalpinia,Caesalpinia,echinata,echinata,Lam.,Lam.,Caesalpinia echinata Lam.,Caesalpinia echinata Lam.,Brasil,Brasil,NULL,NULL,NULL,NULL,Brasil,-19.67639,-19.67639,-40.15278,-40.15278,NULL,NULL,11,11,8,8,2012,2012
"85",5698,5698,LEGUMINOSAE,LEGUMINOSAE,Caesalpinia,Caesalpinia,echinata,echinata,Lam.,Lam.,Caesalpinia echinata Lam.,Caesalpinia echinata Lam.,Brasil,Brasil,NULL,NULL,NULL,NULL,Brasil,-19.67639,-19.67639,-40.15278,-40.15278,NULL,NULL,11,11,8,8,2012,2012
"86",5646,5646,LEGUMINOSAE,LEGUMINOSAE,Caesalpinia,Caesalpinia,echinata,echinata,Lam.,Lam.,Caesalpinia echinata Lam.,Caesalpinia echinata Lam.,Brasil,Brasil,Bahia,Bahia,NULL,NULL,Brasil,-14.26056,-14.26056,-39.42222,-39.42222,NULL,NULL,NULL,NULL,NULL,NULL,NULL,NULL
"87",5618,5618,LEGUMINOSAE,LEGUMINOSAE,Caesalpinia,Caesalpinia,echinata,echinata,Lam.,Lam.,Caesalpinia echinata Lam.,Caesalpinia echinata Lam.,Brasil,Brasil,Rio de Janeiro,Rio de Janeiro,NULL,NULL,Brasil,-22.88306,-22.88306,-42.00028,-42.00028,NULL,NULL,NULL,NULL,NULL,NULL,NULL,NULL
"88",5644,5644,LEGUMINOSAE,LEGUMINOSAE,Caesalpinia,Caesalpinia,echinata,echinata,Lam.,Lam.,Caesalpinia echinata Lam.,Caesalpinia echinata Lam.,Brasil,Brasil,Bahia,Bahia,NULL,NULL,Brasil,-14.21222,-14.21222,-39.55278,-39.55278,NULL,NULL,NULL,NULL,NULL,NULL,NULL,NULL
"89",607729,607729,LEGUMINOSAE,LEGUMINOSAE,Caesalpinia,Caesalpinia,echinata,echinata,Lam.,Lam.,Caesalpinia echinata Lam.,Caesalpinia echinata Lam.,Brasil,Brasil,Rio de Janeiro,Rio de Janeiro,NULL,NULL,Brasil,-22.96389,-22.96389,-43.16278,-43.16278,7833,7833,2,2,8,8,2014,2014
"90",5692,5692,LEGUMINOSAE,LEGUMINOSAE,Caesalpinia,Caesalpinia,echinata,echinata,Lam.,Lam.,Caesalpinia echinata Lam.,Caesalpinia echinata Lam.,Brasil,Brasil,NULL,NULL,NULL,NULL,Brasil,-19.67972,-19.67972,-40.15222,-40.15222,NULL,NULL,11,11,8,8,2012,2012
"91",464328,464328,LEGUMINOSAE,LEGUMINOSAE,Caesalpinia,Caesalpinia,echinata,echinata,Lam.,Lam.,Caesalpinia echinata Lam.,Caesalpinia echinata Lam.,Brasil,Brasil,NULL,NULL,Aracruz,Aracruz,Brasil,-19.67528,-19.67528,-40.15111,-40.15111,6877,6877,2,2,4,4,2008,2008
"92",464325,464325,LEGUMINOSAE,LEGUMINOSAE,Caesalpinia,Caesalpinia,echinata,echinata,Lam.,Lam.,Caesalpinia echinata Lam.,Caesalpinia echinata Lam.,Brasil,Brasil,NULL,NULL,Aracruz,Aracruz,Brasil,-19.72444,-19.72444,-40.27944,-40.27944,6874,6874,2,2,4,4,2008,2008
"93",436831,436831,LEGUMINOSAE,LEGUMINOSAE,Caesalpinia,Caesalpinia,echinata,echinata,Lam.,Lam.,Caesalpinia echinata Lam.,Caesalpinia echinata Lam.,Brasil,Brasil,Rio de Janeiro,Rio de Janeiro,Rio Bonito,Rio Bonito,Brasil,-22.75167,-22.75167,-42.59389,-42.59389,6492,6492,12,12,2,2,2007,2007
"94",5650,5650,LEGUMINOSAE,LEGUMINOSAE,Caesalpinia,Caesalpinia,echinata,echinata,Lam.,Lam.,Caesalpinia echinata Lam.,Caesalpinia echinata Lam.,Brasil,Brasil,Bahia,Bahia,NULL,NULL,Brasil,-14.26083,-14.26083,-39.42639,-39.42639,NULL,NULL,NULL,NULL,NULL,NULL,NULL,NULL
"95",5694,5694,LEGUMINOSAE,LEGUMINOSAE,Caesalpinia,Caesalpinia,echinata,echinata,Lam.,Lam.,Caesalpinia echinata Lam.,Caesalpinia echinata Lam.,Brasil,Brasil,NULL,NULL,NULL,NULL,Brasil,-19.67944,-19.67944,-40.15222,-40.15222,NULL,NULL,11,11,8,8,2012,2012
"96",557430,557430,LEGUMINOSAE,LEGUMINOSAE,Caesalpinia,Caesalpinia,echinata,echinata,Lam.,Lam.,Caesalpinia echinata Lam.,Caesalpinia echinata Lam.,Brasil,Brasil,Bahia,Bahia,NULL,NULL,Brasil,-15.71278,-15.71278,-39.56722,-39.56722,7598,7598,14,14,10,10,2012,2012
"97",5653,5653,LEGUMINOSAE,LEGUMINOSAE,Caesalpinia,Caesalpinia,echinata,echinata,Lam.,Lam.,Caesalpinia echinata Lam.,Caesalpinia echinata Lam.,Brasil,Brasil,Bahia,Bahia,NULL,NULL,Brasil,-14.25972,-14.25972,-39.42472,-39.42472,NULL,NULL,NULL,NULL,NULL,NULL,NULL,NULL
"98",5699,5699,LEGUMINOSAE,LEGUMINOSAE,Caesalpinia,Caesalpinia,echinata,echinata,Lam.,Lam.,Caesalpinia echinata Lam.,Caesalpinia echinata Lam.,Brasil,Brasil,NULL,NULL,NULL,NULL,Brasil,-19.67639,-19.67639,-40.15278,-40.15278,NULL,NULL,11,11,8,8,2012,2012
"99",464327,464327,LEGUMINOSAE,LEGUMINOSAE,Caesalpinia,Caesalpinia,echinata,echinata,Lam.,Lam.,Caesalpinia echinata Lam.,Caesalpinia echinata Lam.,Brasil,Brasil,NULL,NULL,Aracruz,Aracruz,Brasil,-19.72917,-19.72917,-40.27806,-40.27806,6876,6876,2,2,4,4,2008,2008
"100",612192,612192,LEGUMINOSAE,LEGUMINOSAE,Caesalpinia,Caesalpinia,echinata,echinata,Lam.,Lam.,Caesalpinia echinata Lam.,Caesalpinia echinata Lam.,Brasil,Brasil,Bahia,Bahia,NULL,NULL,Brasil,-15.06056,-15.06056,-40.68000,-40.68000,7897,7897,1,1,11,11,2014,2014
"101",470020,470020,LEGUMINOSAE,LEGUMINOSAE,Caesalpinia,Caesalpinia,echinata,echinata,Lam.,Lam.,Caesalpinia echinata Lam.,Caesalpinia echinata Lam.,Brasil,Brasil,Alagoas,Alagoas,Coruripe,Coruripe,Brasil,-10.04778,-10.04778,-36.27361,-36.27361,6946,6946,28,28,7,7,2008,2008
"102",5691,5691,LEGUMINOSAE,LEGUMINOSAE,Caesalpinia,Caesalpinia,echinata,echinata,Lam.,Lam.,Caesalpinia echinata Lam.,Caesalpinia echinata Lam.,Brasil,Brasil,NULL,NULL,NULL,NULL,Brasil,-19.67972,-19.67972,-40.15194,-40.15194,NULL,NULL,11,11,8,8,2012,2012
"103",464326,464326,LEGUMINOSAE,LEGUMINOSAE,Caesalpinia,Caesalpinia,echinata,echinata,Lam.,Lam.,Caesalpinia echinata Lam.,Caesalpinia echinata Lam.,Brasil,Brasil,NULL,NULL,Aracruz,Aracruz,Brasil,-19.72917,-19.72917,-40.27806,-40.27806,6875,6875,2,2,4,4,2008,2008
"104",5641,5641,LEGUMINOSAE,LEGUMINOSAE,Caesalpinia,Caesalpinia,echinata,echinata,Lam.,Lam.,Caesalpinia echinata Lam.,Caesalpinia echinata Lam.,Brasil,Brasil,Bahia,Bahia,NULL,NULL,Brasil,-14.21333,-14.21333,-39.55250,-39.55250,NULL,NULL,NULL,NULL,NULL,NULL,NULL,NULL
"105",612205,612205,LEGUMINOSAE,LEGUMINOSAE,Caesalpinia,Caesalpinia,echinata,echinata,Lam.,Lam.,Caesalpinia echinata Lam.,Caesalpinia echinata Lam.,Brasil,Brasil,Bahia,Bahia,NULL,NULL,Brasil,-15.73889,-15.73889,-39.58444,-39.58444,7909,7909,2,2,11,11,2014,2014
"106",5654,5654,LEGUMINOSAE,LEGUMINOSAE,Caesalpinia,Caesalpinia,echinata,echinata,Lam.,Lam.,Caesalpinia echinata Lam.,Caesalpinia echinata Lam.,Brasil,Brasil,Bahia,Bahia,NULL,NULL,Brasil,-14.25639,-14.25639,-39.42722,-39.42722,NULL,NULL,NULL,NULL,NULL,NULL,NULL,NULL
"107",5619,5619,LEGUMINOSAE,LEGUMINOSAE,Caesalpinia,Caesalpinia,echinata,echinata,Lam.,Lam.,Caesalpinia echinata Lam.,Caesalpinia echinata Lam.,Brasil,Brasil,Rio de Janeiro,Rio de Janeiro,NULL,NULL,Brasil,-22.88306,-22.88306,-42.00028,-42.00028,NULL,NULL,NULL,NULL,NULL,NULL,NULL,NULL
"108",5648,5648,LEGUMINOSAE,LEGUMINOSAE,Caesalpinia,Caesalpinia,echinata,echinata,Lam.,Lam.,Caesalpinia echinata Lam.,Caesalpinia echinata Lam.,Brasil,Brasil,Bahia,Bahia,NULL,NULL,Brasil,-14.25944,-14.25944,-39.42500,-39.42500,NULL,NULL,NULL,NULL,NULL,NULL,NULL,NULL
"109",546892,546892,LEGUMINOSAE,LEGUMINOSAE,Caesalpinia,Caesalpinia,echinata,echinata,Lam.,Lam.,Caesalpinia echinata Lam.,Caesalpinia echinata Lam.,Brasil,Brasil,Rio de Janeiro,Rio de Janeiro,Saquarema,Saquarema,Brasil,-22.92917,-22.92917,-42.46139,-42.46139,225,225,15,15,5,5,2012,2012
"110",483784,483784,LEGUMINOSAE,LEGUMINOSAE,Caesalpinia,Caesalpinia,echinata,echinata,Lam.,Lam.,Caesalpinia echinata Lam.,Caesalpinia echinata Lam.,Brasil,Brasil,Bahia,Bahia,Pau Brasil,Pau Brasil,Brasil,-15.57222,-15.57222,-39.65250,-39.65250,132,132,26,26,2,2,2005,2005
"111",5624,5624,LEGUMINOSAE,LEGUMINOSAE,Caesalpinia,Caesalpinia,echinata,echinata,Lam.,Lam.,Caesalpinia echinata Lam.,Caesalpinia echinata Lam.,Brasil,Brasil,Rio de Janeiro,Rio de Janeiro,NULL,NULL,Brasil,-22.80500,-22.80500,-41.98278,-41.98278,NULL,NULL,NULL,NULL,NULL,NULL,NULL,NULL
"112",5705,5705,LEGUMINOSAE,LEGUMINOSAE,Caesalpinia,Caesalpinia,echinata,echinata,Lam.,Lam.,Caesalpinia echinata Lam.,Caesalpinia echinata Lam.,Brasil,Brasil,NULL,NULL,NULL,NULL,Brasil,-19.67778,-19.67778,-40.15278,-40.15278,NULL,NULL,11,11,8,8,2012,2012
"113",5706,5706,LEGUMINOSAE,LEGUMINOSAE,Caesalpinia,Caesalpinia,echinata,echinata,Lam.,Lam.,Caesalpinia echinata Lam.,Caesalpinia echinata Lam.,Brasil,Brasil,NULL,NULL,NULL,NULL,Brasil,-19.67778,-19.67778,-40.15278,-40.15278,NULL,NULL,11,11,8,8,2012,2012
"114",5697,5697,LEGUMINOSAE,LEGUMINOSAE,Caesalpinia,Caesalpinia,echinata,echinata,Lam.,Lam.,Caesalpinia echinata Lam.,Caesalpinia echinata Lam.,Brasil,Brasil,NULL,NULL,NULL,NULL,Brasil,-19.67778,-19.67778,-40.15278,-40.15278,NULL,NULL,11,11,8,8,2012,2012
"115",464324,464324,LEGUMINOSAE,LEGUMINOSAE,Caesalpinia,Caesalpinia,echinata,echinata,Lam.,Lam.,Caesalpinia echinata Lam.,Caesalpinia echinata Lam.,Brasil,Brasil,NULL,NULL,Aracruz,Aracruz,Brasil,-19.67833,-19.67833,-40.26167,-40.26167,6873,6873,2,2,4,4,2008,2008
"116",398947,398947,LEGUMINOSAE,LEGUMINOSAE,Caesalpinia,Caesalpinia,echinata,echinata,Lam.,Lam.,Caesalpinia echinata Lam.,Caesalpinia echinata Lam.,Brasil,Brasil,Rio de Janeiro,Rio de Janeiro,NULL,NULL,Brasil,-22.71667,-22.71667,-41.96667,-41.96667,,,29,29,8,8,2003,2003
"117",355014,355014,LEGUMINOSAE,LEGUMINOSAE,Caesalpinia,Caesalpinia,echinata,echinata,Lam.,Lam.,Caesalpinia echinata Lam.,Caesalpinia echinata Lam.,Brasil,Brasil,Pernambuco,Pernambuco,NULL,NULL,Brasil,-8.01278,-8.01278,-34.95028,-34.95028,175,175,19,19,7,7,2001,2001
"118",550434,550434,LEGUMINOSAE,LEGUMINOSAE,Caesalpinia,Caesalpinia,echinata,echinata,Lam.,Lam.,Caesalpinia echinata Lam.,Caesalpinia echinata Lam.,Brasil,Brasil,Bahia,Bahia,Jussari,Jussari,Brasil,-15.16361,-15.16361,-39.54333,-39.54333,343,343,2,2,5,5,2004,2004
"119",587388,587388,LEGUMINOSAE,LEGUMINOSAE,Caesalpinia,Caesalpinia,echinata,echinata,Lam.,Lam.,Caesalpinia echinata Lam.,Caesalpinia echinata Lam.,Brasil,Brasil,Bahia,Bahia,NULL,NULL,Brasil,-14.56667,-14.56667,-39.73333,-39.73333,172,172,21,21,5,5,2012,2012
"120",587385,587385,LEGUMINOSAE,LEGUMINOSAE,Caesalpinia,Caesalpinia,echinata,echinata,Lam.,Lam.,Caesalpinia echinata Lam.,Caesalpinia echinata Lam.,Brasil,Brasil,Bahia,Bahia,NULL,NULL,Brasil,-14.56667,-14.56667,-39.73333,-39.73333,171,171,21,21,5,5,2012,2012
"121",560360,560360,LEGUMINOSAE,LEGUMINOSAE,Caesalpinia,Caesalpinia,echinata,echinata,Lam.,Lam.,Caesalpinia echinata Lam.,Caesalpinia echinata Lam.,Brasil,Brasil,Bahia,Bahia,Porto Seguro,Porto Seguro,Brasil,-16.41917,-16.41917,-39.20222,-39.20222,294,294,12,12,3,3,2010,2010
"122",560421,560421,LEGUMINOSAE,LEGUMINOSAE,Caesalpinia,Caesalpinia,echinata,echinata,Lam.,Lam.,Caesalpinia echinata Lam.,Caesalpinia echinata Lam.,Brasil,Brasil,NULL,NULL,Santa Rita,Santa Rita,Brasil,-6.96028,-6.96028,-35.13500,-35.13500,3299,3299,22,22,5,5,2012,2012
"123",417708,417708,LEGUMINOSAE,LEGUMINOSAE,Caesalpinia,Caesalpinia,echinata,echinata,Lam.,Lam.,Caesalpinia echinata Lam.,Caesalpinia echinata Lam.,Brasil,Brasil,Rio de Janeiro,Rio de Janeiro,Iguaba Grande,Iguaba Grande,Brasil,-11.78333,-11.78333,-50.86667,-50.86667,6340,6340,18,18,5,5,2005,2005
"124",432115,432115,LEGUMINOSAE,LEGUMINOSAE,Caesalpinia,Caesalpinia,echinata,echinata,Lam.,Lam.,Caesalpinia echinata Lam.,Caesalpinia echinata Lam.,Brasil,Brasil,Rio de Janeiro,Rio de Janeiro,NULL,NULL,Brasil,-22.96472,-22.96472,-43.18611,-43.18611,6391,6391,16,16,12,12,2005,2005
"125",587387,587387,LEGUMINOSAE,LEGUMINOSAE,Caesalpinia,Caesalpinia,echinata,echinata,Lam.,Lam.,Caesalpinia echinata Lam.,Caesalpinia echinata Lam.,Brasil,Brasil,Bahia,Bahia,NULL,NULL,Brasil,-14.56667,-14.56667,-39.73333,-39.73333,173,173,21,21,5,5,2012,2012
"126",429493,429493,LEGUMINOSAE,LEGUMINOSAE,Caesalpinia,Caesalpinia,echinata,echinata,Lam.,Lam.,Caesalpinia echinata Lam.,Caesalpinia echinata Lam.,Brasil,Brasil,Bahia,Bahia,Porto Seguro,Porto Seguro,Brasil,-16.41917,-16.41917,-39.20222,-39.20222,4251,4251,18,18,8,8,2004,2004
"127",587389,587389,LEGUMINOSAE,LEGUMINOSAE,Caesalpinia,Caesalpinia,echinata,echinata,Lam.,Lam.,Caesalpinia echinata Lam.,Caesalpinia echinata Lam.,Brasil,Brasil,Bahia,Bahia,NULL,NULL,Brasil,-14.65000,-14.65000,-39.73333,-39.73333,176,176,21,21,5,5,2012,2012
"128",490925,490925,LEGUMINOSAE,LEGUMINOSAE,Caesalpinia,Caesalpinia,echinata,echinata,Lam.,Lam.,Caesalpinia echinata Lam.,Caesalpinia echinata Lam.,Brasil,Brasil,Alagoas,Alagoas,Coruripe,Coruripe,Brasil,-10.03333,-10.03333,-36.26667,-36.26667,250,250,13,13,4,4,2002,2002
"129",550439,550439,LEGUMINOSAE,LEGUMINOSAE,Caesalpinia,Caesalpinia,echinata,echinata,Lam.,Lam.,Caesalpinia echinata Lam.,Caesalpinia echinata Lam.,Brasil,Brasil,Bahia,Bahia,NULL,NULL,Brasil,-15.69861,-15.69861,-39.57778,-39.57778,02,02,1,1,1,1,2002,2002
"130",470304,470304,LEGUMINOSAE,LEGUMINOSAE,Caesalpinia,Caesalpinia,echinata,echinata,Lam.,Lam.,Caesalpinia echinata Lam.,Caesalpinia echinata Lam.,Brasil,Brasil,Distrito Federal,Distrito Federal,NULL,NULL,Brasil,-15.94722,-15.94722,-47.87778,-47.87778,1237,1237,4,4,10,10,2004,2004
"131",432114,432114,LEGUMINOSAE,LEGUMINOSAE,Caesalpinia,Caesalpinia,echinata,echinata,Lam.,Lam.,Caesalpinia echinata Lam.,Caesalpinia echinata Lam.,Brasil,Brasil,Rio de Janeiro,Rio de Janeiro,Rio de Janeiro,Rio de Janeiro,Brasil,-22.96472,-22.96472,-43.18611,-43.18611,6390,6390,16,16,12,12,2005,2005
"132",411924,411924,LEGUMINOSAE,LEGUMINOSAE,Caesalpinia,Caesalpinia,echinata,echinata,Lam.,Lam.,Caesalpinia echinata Lam.,Caesalpinia echinata Lam.,Brasil,Brasil,Rio de Janeiro,Rio de Janeiro,NULL,NULL,Brasil,-22.94444,-22.94444,-43.08750,-43.08750,493,493,27,27,5,5,2005,2005
"133",587386,587386,LEGUMINOSAE,LEGUMINOSAE,Caesalpinia,Caesalpinia,echinata,echinata,Lam.,Lam.,Caesalpinia echinata Lam.,Caesalpinia echinata Lam.,Brasil,Brasil,Bahia,Bahia,NULL,NULL,Brasil,-14.56667,-14.56667,-39.73333,-39.73333,175,175,21,21,5,5,2012,2012
"134",507350,507350,LEGUMINOSAE,LEGUMINOSAE,Caesalpinia,Caesalpinia,echinata,echinata,Lam.,Lam.,Caesalpinia echinata Lam.,Caesalpinia echinata Lam.,Brasil,Brasil,Bahia,Bahia,Caravelas,Caravelas,Brasil,-17.65000,-17.65000,-39.25000,-39.25000,145,145,20,20,4,4,2007,2007
